{
  "model": "XGBoost",
  "train_mae": 0.5425262126160274,
  "val_mae": 0.6490090564533213,
  "test_mae": 0.6412243389325644,
  "train_rmse": 0.6922093644010452,
  "val_rmse": 0.8294498429946862,
  "test_rmse": 0.8260256972714115,
  "train_r2": 0.9913811690582698,
  "val_r2": 0.9875503341025138,
  "test_r2": 0.9876145011800554,
  "train_mape": 0.5902093578992769,
  "test_mape": 0.6969758398468417
}