model,test_mae,test_rmse,test_r2,test_mape,test_medae
xgboost,0.6412243389325644,0.8260256972714115,0.9876145011800554,0.6969758398468417,0.5237738647460901
ensemble,2.483672511704283,3.073765955429191,0.8284984782121771,2.703124240683777,2.154833322952797
random_forest,2.654287334142328,3.4427553627369103,0.7848513067088574,2.8860663036515968,2.151498250154958
lightgbm,4.460290481545075,5.4913007235142866,0.45263522986456994,4.856658913267737,3.9067491876976135
