{
  "model_type": "xgboost",
  "n_samples": 120000,
  "n_features": 10,
  "train_mae": 1.8282075853309634,
  "test_mae": 1.9099161261088053,
  "train_rmse": 2.391821186166942,
  "test_rmse": 2.4989425383085875,
  "train_r2": 0.8966570131370986,
  "test_r2": 0.8887725014358414,
  "y_mean": 92.39766588333333,
  "y_std": 7.450900161890479,
  "feature_importances": {
    "lap": 0.03594795987010002,
    "lap_ratio": 0.05357525497674942,
    "tire_deg": 0.0028332944493740797,
    "grid": 0.11486504226922989,
    "grid_norm": 0.12033636122941971,
    "circuit_length_km": 0.11785171926021576,
    "year_norm": 0.1367148905992508,
    "driver_enc": 0.14348289370536804,
    "constructor_enc": 0.1409451961517334,
    "circuit_enc": 0.13344739377498627
  }
}